{"eval/age_f1":0.532434046071875,"test/avg_recall":0.6556475645454786,"test/avg_f1_macro":0.47150777171177755,"eval/avg_recall":0.645614670919107,"eval/steps_per_second":104.108,"test/age_acc":0.5759118120203592,"test/gender_recall":0.7353833170705979,"eval/joint_acc":0.41958538706871557,"total_flos":3.27317833986687e+17,"eval/gender_recall":0.7021455494346187,"eval/avg_precision":0.6268788581017646,"train_steps_per_second":5.33,"eval/age_recall":0.5890837924035952,"eval/age_recall_macro":0.27796477659709057,"_timestamp":1.7566318880667937e+09,"eval/age_precision":0.5508081225425233,"_runtime":70784,"train_runtime":7280.2711,"eval/avg_f1_macro":0.49561695797993194,"eval/avg_acc":0.645614670919107,"test/steps_per_second":106.296,"test/runtime":44.5926,"test/avg_f1":0.6235909939086584,"eval/gender_f1_macro":0.7021120043582967,"test/age_recall":0.5759118120203592,"eval/age_precision_macro":0.4727095399128946,"test/age_recall_macro":0.2250089969388632,"test/age_precision":0.5038648038593366,"test/avg_precision_macro":0.5112594223900349,"eval/gender_recall_macro":0.7024838966137588,"test/gender_acc":0.7353833170705979,"test/samples_per_second":850.343,"eval/gender_acc":0.7021455494346187,"eval/runtime":82.8274,"train/grad_norm":3.2023799419403076,"eval/samples_per_second":832.816,"test/avg_acc":0.6556475645454786,"eval/loss":0.7852720618247986,"train_samples_per_second":170.546,"test/gender_precision_macro":0.7364372089895799,"test/avg_precision":0.621768303266615,"train/loss":0.7927,"test/gender_precision":0.7396718026738934,"eval/avg_recall_macro":0.49022433660542464,"eval/age_f1_macro":0.2891219116015672,"_wandb":{"runtime":70784},"test/loss":0.7750184535980225,"test/gender_f1_macro":0.7352146601911862,"train/learning_rate":2.010397273336426e-06,"train_loss":0.810068577517247,"test/gender_f1":0.7357149913099424,"_step":238,"eval/gender_f1":0.7020625116227396,"eval/gender_precision":0.702949593661006,"eval/avg_f1":0.6172482788473073,"test/age_f1_macro":0.20780088323236887,"test/gender_recall_macro":0.7376285467919974,"test/avg_recall_macro":0.4813187718654303,"eval/gender_precision_macro":0.7027099778319502,"test/age_precision_macro":0.2860816357904898,"train/epoch":2,"train/global_step":38802,"eval/age_acc":0.5890837924035952,"eval/avg_precision_macro":0.5877097588724224,"test/age_f1":0.5114669965073744,"test/joint_acc":0.4244573960283763}